<?xml version="1.0" encoding="utf-8"?>
<extension type="component" version="4.2.0" method="upgrade">

	<name>COM_U3ABOOKING</name>
	<creationDate>July 2023</creationDate>
	<author>Robbie Jackson</author>
	<authorEmail>robbie.jackson.email@gmail.org</authorEmail>
	<copyright>Copyright 2023</copyright>
	<version>2.0.0</version>
	<description>COM_U3ABOOKING_DESCRIPTION</description>
    
    <namespace path="src">Robbie\Component\U3ABooking</namespace>

    <install>
		<sql>
			<file driver="mysql" charset="utf8">sql/install.mysql.utf8.sql</file>
		</sql>
	</install>
	
	<uninstall> 
		<sql>
			<file driver="mysql" charset="utf8">sql/uninstall.mysql.utf8.sql</file>
		</sql>
	</uninstall>
    
 	<update>
		<schemas>
			<schemapath type="mysql">sql/updates/mysql</schemapath>
		</schemas>
	</update>
	
	<scriptfile>script.php</scriptfile>

	<files folder="site">
		<folder>forms</folder>
		<folder>src</folder>
		<folder>tmpl</folder>
	</files>

	<languages folder="site/language">
		<language tag="en-GB">en-GB/com_u3abooking.ini</language>
    </languages>
	
    <media destination="com_u3abooking" folder="media">
		<folder>js</folder>
        <filename>joomla.asset.json</filename>
	</media>

	<administration>
		<menu link='index.php?option=com_u3abooking'>Event Booking</menu>
		<submenu>
            <menu link="option=com_u3abooking&amp;view=events">COM_U3ABOOKING_SUBMENU_EVENTS</menu>
            <menu link="option=com_u3abooking&amp;view=bookings">COM_U3ABOOKING_SUBMENU_BOOKINGS</menu>
            <menu link="option=com_categories&amp;extension=com_u3abooking">COM_U3ABOOKING_SUBMENU_CATEGORIES</menu>
		</submenu>
		<files folder="admin">
			<filename>access.xml</filename>
            <filename>config.xml</filename>
			<folder>forms</folder>
            <folder>services</folder>
            <folder>sql</folder>
            <folder>src</folder>
            <folder>tmpl</folder>
        </files>
        <languages folder="admin/language">
			<language tag="en-GB">en-GB/com_u3abooking.sys.ini</language>
            <language tag="en-GB">en-GB/com_u3abooking.ini</language>
		</languages>
	</administration>

</extension>